Question|Answer|Processed|Disease
What is a melanoma?|"Melanoma, also known as malignant melanoma, is a severe form of skin cancer characterized by the uncontrolled proliferation of melanocytes, the pigment-producing cells in the skin.Melanoma is a serious condition that requires prompt medical attention and comprehensive treatment to prevent further spread and complications."|1|Melanoma
What are melanocytes?|"Melanocytes naturally reside in the basal layer of the epidermis, the outermost layer of the skin. These cells play a crucial role in protecting the skin by producing melanin, a pigment that absorbs ultraviolet (UV) radiation from the sun. Normally, the growth of melanocytes leads to the formation of benign skin features such as moles (benign melanocytic naevi) and freckles (ephelides and lentigines). However, when melanocytes undergo cancerous transformation, melanoma develops."|1|Melanoma
What are the main risk factors for developing melanoma?|"The main risk factors include increasing age, previous history of melanoma or other types of skin cancer, presence of many moles (melanocytic naevi), especially if they are large or atypical, family history of melanoma, fair skin, exposure to ultraviolet (UV) radiation, such as from sunlight or tanning beds, history of sunburn, and weakened immune system. Additionally, it's important to note that while the presence of many moles is a risk factor for some types of melanomas, the majority of melanomas arise spontaneously (de novo) without being associated with pre-existing moles."|1|Melanoma
What is the most common age range for the diagnosis of melanoma in men and women?|The mean age for diagnosis of melanoma is in the mid-61s for men and early 61s for women.|1|Melanoma
"What is meant by ""de novo"" melanomas in the context of skin cancer?"|"De novo melanomas refer to melanomas that develop spontaneously without being associated with pre-existing moles. While the presence of many moles (melanocytic naevi) is a risk factor for some types of melanomas, the majority of melanomas arise independently. This emphasizes the importance of regular skin examinations and vigilance in detecting melanomas, as they may not always be preceded by noticeable moles."|1|Melanoma
What role does UV radiation play in melanoma development?|"UV radiation, from sunlight or tanning beds, is a significant risk factor for melanoma. It damages skin cell DNA, increasing the likelihood of cancerous cell formation."|1|Melanoma
How does a family history of melanoma influence an individual's risk?|"Having a family history of melanoma increases an individual's risk of developing the disease, suggesting a genetic predisposition to the condition."|1|Melanoma
What initiates melanoma?|"Melanoma is initiated by an uncontrolled proliferation of melanin-producing cells, known as melanocytic stem cells, which undergo genetic alterations."|1|Melanoma
What are the primary causes of acquired mutations leading to melanoma?|"Acquired mutations, often caused by UV radiation from sources like sunlight or tanning beds, are the primary cause of melanoma."|1|Melanoma
How do inherited mutations contribute to melanoma?|"Inherited mutations can also contribute to melanoma, with genes like CDKN2A being implicated in a significant portion of familial cases. Other genes associated with inherited melanoma include CDK4, MC1R, MITF, TERT, ACD, BAP1, POT1, and TERF2IP."|1|Melanoma
From where can melanoma originate?|"Melanoma can originate from normal skin or pre-existing moles or freckles. Precursor lesions include benign melanocytic naevi, atypical or dysplastic naevi, atypical lentiginous junctional naevi, or large congenital melanocytic naevi."|1|Melanoma
How does melanoma progress through growth phases?|"Melanomas progress through two growth phases: radial and vertical. Initially, they may grow slowly within the epidermis (radial growth phase). However, further genetic alterations can lead to invasion into deeper tissues (vertical growth phase), resulting in invasive melanoma."|1|Melanoma
What is the significance of breaching the basement membrane in melanoma progression?|"Once melanoma cells breach the basement membrane and invade the dermis, they may metastasize to other tissues via the lymphatic system or bloodstream. The likelihood of metastasis depends largely on the depth of penetration into the skin."|1|Melanoma
How do UV radiation and inherited mutations differ in their contribution to melanoma?|"UV radiation primarily causes acquired mutations, leading to melanoma, whereas inherited mutations, associated with genes like CDKN2A, contribute to familial cases. Understanding this distinction helps grasp the interplay between environmental and genetic factors in melanoma development."|1|Melanoma
Could you elaborate on the significance of precursor lesions in melanoma development?|"Precursor lesions, such as atypical naevi, play a crucial role in melanoma progression. These lesions serve as early indicators of abnormal cell growth and can potentially evolve into invasive melanoma if left untreated."|1|Melanoma
"How do melanomas metastasize, and what factors influence their metastatic potential?"|"Melanomas metastasize via the lymphatic system or bloodstream after breaching the basement membrane. The depth of invasion into the skin is a key determinant of metastatic potential, with deeper penetration increasing the likelihood of metastasis. Understanding this process sheds light on the importance of early detection and intervention in melanoma management."|1|Melanoma
Can you explain the concept of radial and vertical growth phases in melanoma progression?|"The radial growth phase involves slow expansion of melanoma cells within the epidermis, while the vertical growth phase signifies invasion into deeper tissues. Recognizing these growth phases is critical for understanding the dynamic nature of melanoma development and guiding treatment strategies."|1|Melanoma
How do genetic alterations drive the transition from radial to vertical growth phases in melanoma?|"Genetic alterations, accumulated over time, drive the transition from radial to vertical growth phases by enabling melanoma cells to invade deeper tissues. These alterations often affect genes involved in cell proliferation, apoptosis, and tumor suppression, fueling disease progression."|1|Melanoma
"Could you explain the significance of genes like MC1R, MITF, and TERT in inherited melanoma susceptibility, and how do they interact with environmental factors?"|" Genes such as MC1R, MITF, and TERT modulate melanoma susceptibility by regulating critical cellular processes. Understanding their roles in conjunction with environmental factors provides valuable insights into gene-environment interactions and personalized risk assessment strategies."|1|Melanoma
"What distinguishes benign melanocytic naevi from atypical or dysplastic naevi, and how do these differences influence melanoma risk?"|"Benign melanocytic naevi exhibit normal cellular architecture, while atypical or dysplastic naevi display abnormal features indicative of potential malignancy. Recognizing these distinctions aids in identifying high-risk lesions and implementing appropriate surveillance measures."|1|Melanoma
"How do inherited mutations in genes like CDKN2A contribute to familial melanoma, and what implications does this have for genetic counseling?"|"Inherited mutations in genes like CDKN2A confer an increased risk of familial melanoma, underscoring the importance of genetic counseling and risk assessment for at-risk individuals. Understanding the genetic basis of familial melanoma is crucial for tailored prevention and management strategies."|1|Melanoma
Are there any genes that can make someone more likely to get melanoma?|"Yes, certain genes, like CDKN2A and MC1R, can increase the risk of melanoma, especially if they are inherited from parents."|1|Melanoma
What are the early signs of melanoma?|"Early signs of melanoma include changes in the size, shape, or color of moles, as well as the appearance of new moles or unusual spots on the skin."|1|Melanoma
How does sunlight contribute to the risk of melanoma?|"Sunlight, particularly exposure to ultraviolet (UV) radiation, is a major risk factor for melanoma. UV radiation can damage the DNA in skin cells, leading to mutations that can trigger the development of melanoma."|1|Melanoma
"What are melanocytes, and what is their role in the skin?"|"Melanocytes are specialized cells in the skin that produce melanin, the pigment responsible for skin."|1|Melanoma
"How does melanoma start, and why is it important to detect it early?"|"Melanoma starts with uncontrolled growth of melanocytes, which can lead to cancer. Early detection is crucial because melanoma can spread quickly if left untreated."|1|Melanoma
What are some factors that can increase the risk of developing melanoma?|"Risk factors for melanoma include exposure to UV radiation, family history of melanoma, having fair skin, and a weakened immune system."|1|Melanoma
Can melanoma develop from existing moles or freckles?|"Yes, melanoma can develop from pre-existing moles or freckles, so it's important to monitor any changes in them."|1|Melanoma
How does melanoma spread throughout the body?|"Melanoma can spread through the lymphatic system or bloodstream to other parts of the body, forming new tumors."|1|Melanoma
What are the three main classifications of melanoma based on tumor progression?|"Melanoma can be classified as in situ (confined to the epidermis), invasive (penetrating the dermis), or metastatic (spreading to other tissues or organs)."|1|Melanoma
What factors are considered in the classification of melanoma subtypes?|"Melanoma subtypes are classified based on factors such as cumulative solar damage, anatomical site, epidemiology, and mutation signatures."|1|Melanoma
What are some subtypes of melanoma recognized by the World Health Organization (WHO)?|"WHO-recognized subtypes include low and high cumulative solar damage (CSD) melanomas, desmoplastic melanoma, Spitz melanomas, acral melanomas, mucosal melanomas, melanomas in congenital nevi, melanomas in blue nevi, and uveal melanomas."|1|Melanoma
How is melanoma traditionally classified based on histopathology?|"Melanoma can be classified morphologically into subtypes such as superficial spreading melanoma, nodular melanoma, lentigo maligna melanoma, and acral lentiginous melanoma, among others."|1|Melanoma
What are some examples of less common variants of melanoma?|"Less common variants include desmoplastic melanoma, amelanotic melanoma, Spitzoid melanoma, mucosal melanoma, spindle cell melanoma, and ocular (eye) melanoma."|1|Melanoma
"Where does melanoma typically originate in the body, and what are some rare locations it may occur?"|"Melanoma typically originates in epithelial tissues, predominantly in the skin or occasionally in mucous membranes. Rare instances involve internal tissues such as the brain (primary CNS melanoma) or the back of the eye."|1|Melanoma
"How can melanoma be classified based on age, and what are the characteristics of each classification?"|"Melanoma can be classified into childhood melanomas (<11 years), early-onset melanomas (more common in women), and late-onset melanomas (more common in men). Each classification is associated with specific clinical features and risk factors."|1|Melanoma
What distinguishes childhood melanomas from other age classifications of melanoma?|"Childhood melanomas are extremely rare and often associated with genetic, environmental, or iatrogenic factors. They may arise within giant congenital melanocytic nevi and frequently exhibit non-typical clinical features."|1|Melanoma
How do early-onset melanomas differ from late-onset melanomas in terms of prevalence and associated risk factors?|"Early-onset melanomas are more common in women and are associated with the superficial spreading subtype, often found on the lower extremities. They tend to have BRAF V611E genetic mutations and are linked to intermittent sun exposure. Late-onset melanomas, on the other hand, are more common in men and associated with the lentigo maligna subtype, typically occurring on the head and neck. They are correlated with accumulated lifelong sun exposure."|1|Melanoma
"What are some characteristics of early-onset melanomas, and what subtype are they often associated with?"|Early-onset melanomas are more prevalent in women and are frequently associated with the superficial spreading subtype. They tend to occur on the lower extremities and are linked to intermittent sun exposure and BRAF V611E genetic mutations.|1|Melanoma
How do late-onset melanomas differ from early-onset melanomas in terms of gender prevalence and anatomical location?|Late-onset melanomas are more common in men and typically occur on the head and neck. They are often associated with the lentigo maligna subtype and are correlated with accumulated lifelong sun exposure.|1|Melanoma
What are some possible causes or factors contributing to the development of childhood melanomas?|"Childhood melanomas are often associated with genetic, environmental, or iatrogenic factors. They may arise within giant congenital melanocytic nevi, but the exact causes are not fully understood due to their rarity."|1|Melanoma
What are some complications that can arise from metastasis in melanoma?|"Metastasis in melanoma can lead to various systemic effects, such as organ dysfunction, bone pain, neurological symptoms, and fatigue. Understanding these complications is crucial for monitoring and managing advanced melanoma cases."|1|Melanoma
What are the potential side effects of systemic or radiation therapy for melanoma treatment?|"Side effects of systemic or radiation therapy may include nausea, fatigue, hair loss, skin irritation, immune suppression, and increased risk of infections. These side effects can vary depending on the type and duration of treatment."|1|Melanoma
What are some complications that can occur following surgery for melanoma removal?|"Complications of surgery may include wound infection, difficulty in wound closure, wound dehiscence (wound opening), skin necrosis (tissue death), incomplete resection (failure to remove all cancerous tissue), and the development of seromas, lymphoedema, or lymphoceles following lymph node dissection."|1|Melanoma
How do wound infections affect recovery following melanoma surgery?|" Wound infections can delay healing, increase pain and discomfort, and potentially lead to more serious complications such as systemic infection or abscess formation. Prompt treatment and proper wound care are essential for minimizing the impact of infections on recovery."|1|Melanoma
"What are seromas, lymphoedema, and lymphoceles, and why do they occur after lymph node dissection in melanoma surgery?"|"Seromas are fluid collections that can form under the skin at the surgical site, while lymphoedema is swelling due to lymphatic fluid buildup. Lymphoceles are cystic collections of lymphatic fluid. These complications occur after lymph node dissection due to disruption of lymphatic vessels, leading to impaired drainage and fluid accumulation."|1|Melanoma
What is immunotherapy in the context of melanoma treatment?|"Immunotherapy is a type of treatment for melanoma that uses medications to help the body's immune system fight cancer. These medications may include immune checkpoint inhibitors such as ipilimumab, nivolumab, and pembrolizumab, which help activate immune cells to attack cancer cells."|0|Melanoma
What are the warning signs that a skin lesion might be melanoma?|"Warning signs include asymmetry, irregular borders, multiple colors or color changes, diameter larger than 6 millimeters, and evolution or changes in size, shape, or color of a skin lesion. If a skin lesion displays any of these signs, it's important to seek medical evaluation."|0|Melanoma
How does targeted therapy differ from traditional chemotherapy in treating melanoma?|"Targeted therapy for melanoma involves using drugs that specifically target certain molecules or pathways involved in the growth and spread of cancer cells, whereas traditional chemotherapy aims to kill rapidly dividing cells throughout the body."|0|Melanoma
What role do BRAF mutations play in melanoma, and how are they targeted in treatment?|"BRAF mutations are genetic alterations commonly found in melanoma cells, leading to uncontrolled cell growth. Targeted therapies such as BRAF inhibitors work by blocking the activity of mutated BRAF proteins, slowing down the growth of melanoma cells."|0|Melanoma
"Can melanoma metastasize to the brain, and if so, what are the implications for treatment?"|"Yes, melanoma can metastasize to the brain, leading to neurological symptoms and complications. Treatment may involve a combination of surgery, radiation therapy, and systemic therapies to manage brain metastases and improve patient outcomes."|0|Melanoma
What are the potential benefits of combining different treatment modalities, such as surgery, immunotherapy, and targeted therapy, in melanoma treatment?|"Combining different treatment modalities can enhance the effectiveness of melanoma treatment by targeting cancer cells through multiple mechanisms. This approach may improve response rates, reduce the risk of disease recurrence, and optimize patient outcomes."|0|Melanoma
How does sentinel lymph node biopsy help in staging melanoma, and what information does it provide for treatment planning?|"Sentinel lymph node biopsy helps determine whether melanoma has spread to nearby lymph nodes, aiding in accurate staging and treatment planning. It provides valuable information to guide decisions regarding further lymph node dissection and adjuvant therapies."|0|Melanoma
What are the differences between primary and secondary melanoma prevention strategies?|"Primary prevention strategies aim to reduce the risk of developing melanoma by promoting sun protection, avoiding tanning beds, and raising awareness about risk factors. Secondary prevention focuses on early detection through regular skin examinations and self-monitoring for changes in moles or skin lesions."|0|Melanoma
How does the location of a melanoma lesion on the body influence treatment options and prognosis?|"The location of a melanoma lesion can impact treatment options and prognosis due to variations in tumor behavior and accessibility for surgical resection. Lesions in certain areas, such as the head and neck, may require specialized approaches to achieve optimal outcomes."|0|Melanoma
What role do genetic counseling and testing play in melanoma management, particularly for individuals with a family history of the disease?|"Genetic counseling and testing are essential for individuals with a family history of melanoma to assess their risk of inherited genetic mutations associated with the disease. This information can guide personalized risk assessment, surveillance, and prevention strategies."|0|Melanoma
Are there any promising developments in melanoma research, such as novel treatment approaches or biomarkers for early detection?|"Melanoma research has seen promising developments in novel treatment approaches, including immune checkpoint inhibitors, targeted therapies, and combination regimens. Additionally, ongoing research aims to identify biomarkers for early detection and prognostic assessment, offering potential advancements in melanoma management."|0|Melanoma
How does the stage of melanoma influence treatment decisions and prognosis?|"The stage of melanoma, determined by factors such as tumor size, depth of invasion, lymph node involvement, and presence of distant metastases, significantly influences treatment decisions and prognosis. Early-stage melanomas may be managed with surgical resection, while advanced stages often require multimodal therapies and close monitoring."|0|Melanoma
What are the differences between localized, regional, and distant metastatic melanoma, and how do these stages affect treatment options?|"Localized melanoma is confined to the skin, regional metastatic melanoma has spread to nearby lymph nodes, and distant metastatic melanoma has spread to distant organs or tissues. These stages dictate the choice of treatment, with localized disease often managed by surgery and advanced stages requiring systemic therapies and specialized interventions."|0|Melanoma
Can melanoma occur in areas of the body not exposed to sunlight, and if so, what are the possible explanations for its development?|"Yes, melanoma can occur in areas of the body not exposed to sunlight, such as the palms, soles, and mucous membranes. Possible explanations include genetic predisposition, chronic inflammation, and other environmental factors contributing to melanoma development in these less sun-exposed regions."|0|Melanoma
What role does the tumor microenvironment play in melanoma progression and treatment resistance?|"The tumor microenvironment, consisting of immune cells, blood vessels, and other components, influences melanoma progression and treatment resistance. Understanding its complex interactions with cancer cells is crucial for developing targeted therapies and immunotherapies to overcome treatment resistance."|0|Melanoma
How do melanoma subtypes differ in terms of clinical presentation, prognosis, and treatment response?|"Melanoma subtypes exhibit variations in clinical presentation, prognosis, and treatment response due to differences in genetic alterations, tumor behavior, and immune microenvironment. Recognizing these distinctions is essential for tailoring personalized treatment strategies and optimizing patient outcomes."|0|Melanoma
What are the potential benefits and limitations of using artificial intelligence (AI) in melanoma detection and diagnosis?|"AI offers potential benefits in melanoma detection and diagnosis, including improved accuracy, efficiency, and accessibility. However, limitations such as interpretability, data quality, and ethical considerations must be carefully addressed to ensure safe and effective implementation of AI technologies in clinical practice."|0|Melanoma
How do lifestyle factors such as diet, exercise, and stress management affect the risk of melanoma development and progression?|"Lifestyle factors such as a balanced diet, regular exercise, and stress management may contribute to overall health and immune function, potentially influencing the risk of melanoma development and progression. However, their specific impact on melanoma requires further research and evidence-based recommendations."|0|Melanoma
What are the differences between primary cutaneous melanoma and melanoma arising from mucosal or ocular surfaces, and how do these distinctions influence management?|"Primary cutaneous melanoma originates from the skin, while melanoma arising from mucosal or ocular surfaces develops in mucous membranes or the eye. These distinctions impact management due to variations in tumor behavior, treatment response, and anatomical considerations."|0|Melanoma
What are the challenges associated with diagnosing and treating melanoma in pediatric patients, and how do they differ from those in adult populations?|"Diagnosing and treating melanoma in pediatric patients present unique challenges due to differences in tumor biology, clinical presentation, and treatment response compared to adult populations. Understanding these distinctions is essential for providing specialized care and optimizing outcomes in pediatric melanoma cases."|0|Melanoma
How do clinical trials contribute to advancements in melanoma treatment, and what opportunities exist for patients to participate in research studies?|"Clinical trials play a critical role in advancing melanoma treatment by evaluating novel therapies, identifying biomarkers, and optimizing treatment strategies. Patients have opportunities to participate in research studies through collaboration with healthcare providers and specialized research centers, contributing to the development of innovative treatments."|0|Melanoma
What is the role of the immune system in recognizing and attacking melanoma cells?|"The immune system plays a crucial role in recognizing and attacking melanoma cells through the activation of immune cells, such as T cells and natural killer cells, to target cancerous cells. Understanding the immune response to melanoma is fundamental for developing immunotherapies and personalized treatment approaches."|0|Melanoma
What are the differences between melanoma in situ and invasive melanoma, and how do these differences impact treatment decisions?|"Melanoma in situ is confined to the epidermis, while invasive melanoma has penetrated into deeper tissues. These distinctions influence treatment decisions, with in situ lesions often managed by surgical excision and invasive melanomas requiring additional interventions, such as lymph node evaluation and adjuvant therapies."|0|Melanoma
Can melanoma occur in individuals with darker skin tones, and are there specific challenges in diagnosis and treatment for these populations?|"Melanoma can occur in individuals with darker skin tones, although it may present differently and pose challenges in diagnosis due to variations in pigmentation. Tailoring diagnostic and treatment approaches to address these differences is essential for optimizing outcomes in diverse patient populations."|0|Melanoma
What are the potential complications of untreated melanoma, and how do they impact patient outcomes?|"Untreated melanoma can lead to complications such as metastasis, organ dysfunction, and reduced survival rates. Understanding the potential consequences of untreated melanoma underscores the importance of early detection and prompt intervention to improve patient outcomes."|0|Melanoma
How does the mutational landscape of melanoma influence response to targeted therapy and immunotherapy?|"The mutational landscape of melanoma, including genetic alterations in genes such as BRAF, NRAS, and PTEN, influences response to targeted therapy and immunotherapy. Identifying specific mutations and their impact on treatment response is essential for selecting optimal therapeutic strategies and predicting patient outcomes."|0|Melanoma
What are the psychological and emotional impacts of a melanoma diagnosis on patients and their caregivers?|"A melanoma diagnosis can have significant psychological and emotional impacts on patients and their caregivers, including anxiety, depression, and fear of disease recurrence. Providing comprehensive support and resources for mental well-being is essential for addressing the holistic needs of individuals affected by melanoma."|0|Melanoma
How do socioeconomic factors, such as access to healthcare and health literacy, influence melanoma outcomes and disparities in care?|"Socioeconomic factors, including access to healthcare, health literacy, and financial resources, can influence melanoma outcomes and disparities in care. Addressing these factors is essential for promoting equitable access to early detection, quality treatment, and supportive services for all individuals affected by melanoma."|0|Melanoma
What are the potential risks and benefits of mole mapping and digital dermoscopy in melanoma surveillance?|"Mole mapping and digital dermoscopy offer potential benefits in melanoma surveillance, including improved monitoring of skin lesions and early detection of changes. However, risks such as false positives, overdiagnosis, and resource utilization must be carefully considered to ensure the safe and effective implementation of these technologies."|0|Melanoma
How does pregnancy affect the risk, diagnosis, and management of melanoma in women?|"Pregnancy can influence the risk, diagnosis, and management of melanoma in women due to hormonal changes, physiological adaptations, and challenges in monitoring skin changes during pregnancy. Close collaboration between obstetricians and dermatologists is essential for optimizing melanoma care in pregnant women."|0|Melanoma
What are the differences between conventional chemotherapy and biochemotherapy in the treatment of advanced melanoma, and how do these approaches impact patient outcomes?|"Conventional chemotherapy aims to kill rapidly dividing cells throughout the body, while biochemotherapy combines chemotherapy with immunotherapy to enhance the immune response against cancer cells. Understanding the differences between these approaches is essential for selecting optimal treatment strategies and improving patient outcomes."|0|Melanoma
What are the potential long-term effects of melanoma treatment on survivors, and how can these effects be managed?|"Melanoma treatment can have long-term effects on survivors, including physical, psychological, and cognitive sequelae. These may include fatigue, neuropathy, cognitive impairment, anxiety, and depression. Multidisciplinary survivorship care programs can help address these long-term effects and improve quality of life."|0|Melanoma
Are there any dietary factors or supplements that have been associated with either increased or decreased risk of melanoma development?|"Certain dietary factors and supplements have been studied for their potential association with melanoma risk. For example, consumption of antioxidant-rich foods such as fruits and vegetables may have a protective effect, while excessive intake of ultraprocessed foods and beverages high in sugar and fat may increase risk."|0|Melanoma
How does the presence of comorbidities, such as autoimmune diseases or chronic infections, impact the management and prognosis of melanoma?|"Comorbidities such as autoimmune diseases or chronic infections can influence the management and prognosis of melanoma by affecting immune function, treatment selection, and tolerance to therapy. Close coordination between oncologists and specialists managing comorbid conditions is essential for optimizing melanoma care."|0|Melanoma
What role do psychosocial factors, such as social support, coping strategies, and resilience, play in melanoma survivorship?|"Psychosocial factors, including social support, coping strategies, and resilience, play a critical role in melanoma survivorship by influencing emotional well-being, treatment adherence, and quality of life. Integrating psychosocial support into survivorship care is essential for addressing the holistic needs of melanoma survivors."|0|Melanoma
How do advances in molecular profiling and genetic testing inform personalized treatment approaches for melanoma patients?|"Advances in molecular profiling and genetic testing provide valuable insights into the genetic alterations driving melanoma, guiding the selection of targeted therapies and immunotherapies tailored to individual patients. Understanding the role of molecular profiling in personalized treatment approaches is essential for optimizing melanoma care."|0|Melanoma
What are the differences between traditional surgical techniques and minimally invasive procedures, such as Mohs micrographic surgery, in the treatment of melanoma?|"Traditional surgical techniques involve excising the tumor with a margin of healthy tissue, while Mohs micrographic surgery allows for precise removal of cancerous cells layer by layer, sparing healthy tissue. Understanding the differences between these approaches is essential for selecting optimal surgical techniques and achieving favorable outcomes."|0|Melanoma
What are the potential benefits and limitations of adjuvant therapy in the treatment of melanoma, particularly in preventing disease recurrence?|"Adjuvant therapy offers potential benefits in reducing the risk of disease recurrence and improving survival outcomes for patients with high-risk melanoma. However, limitations such as toxicities, treatment duration, and patient selection criteria must be carefully considered to optimize the use of adjuvant therapies."|0|Melanoma
How does age-related immune dysfunction impact the efficacy of immunotherapy in older adults with melanoma?|"Age-related immune dysfunction can impact the efficacy of immunotherapy in older adults with melanoma by affecting immune cell function, response to treatment, and tolerance to therapy. Understanding the impact of age-related immune changes is essential for optimizing immunotherapy in older melanoma patients."|0|Melanoma
What are the potential benefits and limitations of using teledermatology for melanoma screening and diagnosis, particularly in underserved or rural areas?|"Teledermatology offers potential benefits in expanding access to melanoma screening and diagnosis, particularly in underserved or rural areas. However, limitations such as technological barriers, diagnostic accuracy, and patient follow-up must be carefully addressed to ensure the safe and effective implementation of teledermatology in melanoma care."|0|Melanoma
What are the differences between primary and acquired resistance to targeted therapy or immunotherapy in melanoma, and how do they impact treatment strategies?|"Primary resistance refers to lack of response to initial treatment, while acquired resistance develops after an initial response. Understanding the differences between these forms of resistance is essential for selecting optimal treatment strategies, such as combination therapies or alternative agents, to overcome resistance and improve patient outcomes."|0|Melanoma
How does the presence of multiple primary melanomas in an individual impact treatment decisions and prognosis?|"The presence of multiple primary melanomas in an individual may impact treatment decisions and prognosis due to variations in tumor behavior, genetic alterations, and risk of disease recurrence. Understanding the implications of multiple primary melanomas is essential for tailoring personalized treatment approaches and optimizing patient outcomes."|0|Melanoma
What are the potential effects of ultraviolet (UV) radiation exposure from indoor tanning devices on melanoma risk, particularly among younger populations?|"Exposure to UV radiation from indoor tanning devices has been associated with an increased risk of melanoma, particularly among younger populations. Understanding the potential effects of indoor tanning on melanoma risk is essential for promoting sun-safe behaviors and raising awareness about the dangers of artificial UV exposure."|0|Melanoma
How do advances in imaging modalities, such as positron emission tomography (PET) and magnetic resonance imaging (MRI), contribute to the staging and monitoring of melanoma?|"Advances in imaging modalities, such as positron emission tomography (PET) and magnetic resonance imaging (MRI), contribute to the staging and monitoring of melanoma by providing detailed anatomical and functional information about tumor extent, metastatic spread, and treatment response. Understanding the role of advanced imaging in melanoma care is essential for optimizing patient management and outcomes."|0|Melanoma
What are the potential risks and benefits of sentinel lymph node biopsy in melanoma patients, and how does it impact treatment decisions?|"Sentinel lymph node biopsy offers potential benefits in accurately staging melanoma and guiding treatment decisions, particularly in determining the need for further lymph node dissection and adjuvant therapies. However, risks such as lymphedema, seroma formation, and surgical complications must be carefully considered to optimize the use of this procedure."|0|Melanoma
What are the differences in melanoma incidence, characteristics, and outcomes between different racial and ethnic groups, and what factors contribute to these disparities?|"Melanoma incidence, characteristics, and outcomes vary between racial and ethnic groups, with disparities observed in diagnosis, stage at presentation, and survival rates. Factors contributing to these disparities include differences in skin pigmentation, sun exposure patterns, access to healthcare, and socioeconomic status."|0|Melanoma
How does the presence of certain chronic conditions, such as diabetes or autoimmune disorders, influence the management and prognosis of melanoma?|"Chronic conditions such as diabetes or autoimmune disorders can impact the management and prognosis of melanoma by affecting immune function, treatment tolerance, and comorbidity management. Close coordination between oncologists and specialists managing chronic conditions is essential for optimizing melanoma care."|0|Melanoma
What are the potential impacts of climate change and environmental factors on melanoma incidence and distribution?|"Climate change and environmental factors, including increased UV radiation exposure, changes in temperature, and depletion of the ozone layer, may contribute to shifts in melanoma incidence and distribution patterns. Understanding these impacts is critical for developing strategies to mitigate melanoma risk in the context of environmental changes."|0|Melanoma
How do healthcare disparities, including access to dermatologic care and melanoma screening, contribute to disparities in melanoma outcomes among different socioeconomic groups?|"Healthcare disparities, such as unequal access to dermatologic care, preventive services, and screening programs, contribute to disparities in melanoma outcomes among different socioeconomic groups. Addressing these disparities requires targeted interventions to improve access to early detection and timely treatment for underserved populations.",0|0|Melanoma
What are the potential impacts of emerging technologies, such as artificial intelligence and machine learning, on the early detection and management of melanoma?|"Emerging technologies, such as artificial intelligence (AI) and machine learning, hold promise for improving the early detection and management of melanoma. These technologies can analyze vast amounts of data from imaging studies and patient records to aid in diagnosis, risk stratification, and treatment planning."|0|Melanoma
How do lifestyle modifications, such as sun protection measures and regular skin self-examinations, contribute to melanoma prevention and early detection?|"Lifestyle modifications, including sun protection measures, avoidance of tanning beds, and regular skin self-examinations, play a critical role in melanoma prevention and early detection. These practices help reduce UV radiation exposure and facilitate the timely identification of suspicious skin changes, improving outcomes for individuals at risk of melanoma."|0|Melanoma
What are the typical symptoms of psoriasis on the skin?|"Psoriasis commonly presents as thick, silvery scales and red patches on the skin's surface."|1|Psoriasis
How does psoriasis impact a person's quality of life?|Psoriasis can significantly affect both physical health and emotional well-being due to the visibility of its symptoms.|1|Psoriasis
Is psoriasis a contagious condition?|"No, psoriasis is non-contagious."|1|Psoriasis
What percentage of the global population does psoriasis affect?|Psoriasis affects approximately 2-3% of the global population.|1|Psoriasis
What is the underlying cause of psoriasis?|Psoriasis is characterized by the rapid buildup of skin cells due to an autoimmune disorder.|1|Psoriasis
How does the skin cell turnover process differ in individuals with psoriasis compared to healthy individuals?|"In individuals with psoriasis, the skin cell turnover process is significantly accelerated, with cells multiplying every 3 to 4 days instead of the normal month-long cycle."|1|Psoriasis
What are the consequences of the rapid skin cell turnover in psoriasis?|"The accelerated skin cell turnover leads to the accumulation of immature skin cells on the surface, forming thick patches known as plaques."|1|Psoriasis
Is there a cure for psoriasis?|"Currently, there is no cure for psoriasis, but various treatment options are available to control symptoms and improve overall well-being."|1|Psoriasis
What is emphasized as essential for individuals with psoriasis in managing their condition?|It is essential for individuals with psoriasis to work closely with healthcare professionals to develop a personalized treatment plan tailored to their specific needs.|1|Psoriasis
What role do healthcare professionals play in managing psoriasis?|Healthcare professionals play a crucial role in helping individuals with psoriasis develop and implement personalized treatment plans to manage their condition effectively.|1|Psoriasis
"What is Plaque Psoriasis?"|"Plaque Psoriasis is the most common form of psoriasis, characterized by raised, red patches covered with a silvery white buildup of dead skin cells."|1|Psoriasis
"How does Guttate Psoriasis typically appear on the skin?"|"Guttate Psoriasis often appears as small, dot-like lesions on the skin, commonly triggered by bacterial infections such as streptococcal throat infections."|1|Psoriasis
"What distinguishes Inverse Psoriasis from other types?"|"Inverse Psoriasis affects areas of the body where skin folds, such as the armpits, groin, and under the breasts, presenting as smooth, red patches."|1|Psoriasis
"What characterizes Pustular Psoriasis?"|"Pustular Psoriasis is characterized by white pustules surrounded by red skin. It can be localized or generalized and may be accompanied by fever and other systemic symptoms."|1|Psoriasis
"What are the symptoms of Erythrodermic Psoriasis?"|"Erythrodermic Psoriasis is a rare but severe form of psoriasis that can affect the entire body, causing widespread redness, severe itching, and pain."|1|Psoriasis
"Which type of psoriasis commonly results in raised, red patches with a silvery white buildup of dead skin cells?"|"Plaque Psoriasis is the type of psoriasis characterized by this description, making it the most common form."|1|Psoriasis
"How does Guttate Psoriasis differ from Plaque Psoriasis in terms of appearance?"|"Guttate Psoriasis appears as small, dot-like lesions on the skin, contrasting with the raised, red patches seen in Plaque Psoriasis."|1|Psoriasis
"What distinguishes Inverse Psoriasis from other types in terms of affected areas?"|"Inverse Psoriasis specifically affects skin folds, such as those found in the armpits, groin, and under the breasts, presenting as smooth, red patches."|1|Psoriasis
"What are the systemic symptoms that may accompany Pustular Psoriasis?"|"Pustular Psoriasis may be accompanied by fever and other systemic symptoms in addition to the characteristic white pustules surrounded by red skin."|1|Psoriasis
"What makes Erythrodermic Psoriasis particularly severe?"|"Erythrodermic Psoriasis is considered severe because it can affect the entire body, leading to widespread redness, severe itching, and pain."|1|Psoriasis
"What is Psoriasis?"|"Psoriasis is a chronic autoimmune skin disorder characterized by the rapid buildup of skin cells, resulting in the formation of thick, silvery scales and red patches on the skin's surface."|1|Psoriasis
"What are the common types of Psoriasis?"|"Common types of Psoriasis include Plaque Psoriasis, Guttate Psoriasis, Inverse Psoriasis, Pustular Psoriasis, and Erythrodermic Psoriasis."|1|Psoriasis
"How does Plaque Psoriasis manifest on the skin?"|"Plaque Psoriasis is characterized by raised, red patches covered with a silvery white buildup of dead skin cells."|1|Psoriasis
"What triggers Guttate Psoriasis?"|"Guttate Psoriasis is often triggered by bacterial infections, such as streptococcal throat infections."|1|Psoriasis
"What distinguishes Inverse Psoriasis from other types?"|"Inverse Psoriasis affects areas of the body where skin folds, such as the armpits, groin, and under the breasts, presenting as smooth, red patches."|1|Psoriasis
"What are the characteristics of Pustular Psoriasis?"|"Pustular Psoriasis is characterized by white pustules surrounded by red skin. It can be localized or generalized and may be accompanied by fever and other systemic symptoms."|1|Psoriasis
"How is Erythrodermic Psoriasis different from other types of Psoriasis?"|"Erythrodermic Psoriasis is a rare but severe form of Psoriasis that can affect the entire body, causing widespread redness, severe itching, and pain."|1|Psoriasis
"What percentage of the population does Psoriasis affect?"|"Psoriasis affects approximately 2-3% of the global population."|1|Psoriasis
"What role do genetics play in the development of Psoriasis?"|"Genetics play a significant role in Psoriasis, as it tends to run in families, suggesting a genetic predisposition to the condition."|1|Psoriasis
"What are some common triggers for Psoriasis flare-ups?"|"Common triggers for Psoriasis flare-ups include stress, infections, certain medications, injury to the skin, hormonal changes, and environmental factors."|1|Psoriasis
"What role does genetic predisposition play in Psoriasis?"|"Genetic predisposition is significant in Psoriasis, as it tends to run in families, suggesting a genetic component to the condition."|1|Psoriasis
"What is the immune system's role in Psoriasis?"|"The immune system dysfunction is a key aspect of Psoriasis. It is considered an autoimmune disorder, where the body's immune system mistakenly attacks healthy skin cells, triggering inflammation and the rapid turnover of skin cells."|1|Psoriasis
"How does environmental factors contribute to Psoriasis flare-ups?"|"Environmental triggers such as stress, infections (particularly streptococcal infections), certain medications (such as beta-blockers and lithium), injury to the skin (such as cuts or sunburn), and hormonal changes can exacerbate or trigger psoriasis flare-ups."|1|Psoriasis
"What does the familial pattern of Psoriasis suggest?"|"The familial pattern of Psoriasis suggests a genetic predisposition to the condition."|1|Psoriasis
"What happens in the body's immune system in Psoriasis?"|"In Psoriasis, the body's immune system mistakenly attacks healthy skin cells, triggering inflammation and the rapid turnover of skin cells."|1|Psoriasis
"What are some examples of environmental triggers for Psoriasis flare-ups?"|"Examples of environmental triggers for Psoriasis flare-ups include stress, infections, certain medications like beta-blockers and lithium, skin injury like cuts or sunburn, and hormonal changes."|1|Psoriasis
"Is Psoriasis solely caused by genetic factors?"|"No, Psoriasis is not solely caused by genetic factors. Environmental triggers also play a significant role in exacerbating or triggering Psoriasis flare-ups."|1|Psoriasis
"How do stress and infections affect Psoriasis?"|"Stress and infections, particularly streptococcal infections, are known to exacerbate or trigger Psoriasis flare-ups."|1|Psoriasis
"What role do medications play in Psoriasis?"|"Certain medications, such as beta-blockers and lithium, can exacerbate or trigger Psoriasis flare-ups."|1|Psoriasis
"Can hormonal changes impact Psoriasis?"|"Yes, hormonal changes are among the environmental triggers that can exacerbate or trigger Psoriasis flare-ups."|1|Psoriasis
"What are some examples of topical treatments for Psoriasis?"|"Topical treatments for Psoriasis include corticosteroids, vitamin D analogs, retinoids, and moisturizers. These are used to reduce inflammation and scale buildup on the skin."|1|Psoriasis
"How does phototherapy help in treating Psoriasis?"|"Phototherapy, or light therapy, involves exposing the skin to ultraviolet light under medical supervision. This treatment can help manage Psoriasis symptoms by reducing inflammation and slowing the rapid growth of skin cells."|1|Psoriasis
"What are systemic medications used for in Psoriasis treatment?"|"Systemic medications for Psoriasis include oral or injectable medications that target the immune system to reduce inflammation. Examples include methotrexate, cyclosporine, and biologic agents like TNF-alpha inhibitors."|1|Psoriasis
"What lifestyle changes can help manage Psoriasis symptoms?"|"Managing stress, avoiding triggers, maintaining a healthy diet, and using moisturizers are lifestyle and home remedies that can help manage Psoriasis symptoms."|1|Psoriasis
"What is the purpose of using corticosteroids in Psoriasis treatment?"|"Corticosteroids are used in Psoriasis treatment to reduce inflammation and scale buildup on the skin."|1|Psoriasis
"How does phototherapy work as a treatment for Psoriasis?"|"Phototherapy works by exposing the skin to ultraviolet light, which helps reduce inflammation and slow down the rapid growth of skin cells in Psoriasis."|1|Psoriasis
"What are the benefits of systemic medications in Psoriasis treatment?"|"Systemic medications, such as methotrexate, cyclosporine, and biologic agents like TNF-alpha inhibitors, target the immune system to reduce inflammation in Psoriasis."|1|Psoriasis
"What lifestyle changes can complement medical treatments for Psoriasis?"|"Complementing medical treatments, lifestyle changes such as managing stress, maintaining a healthy diet, and using moisturizers can help manage Psoriasis symptoms effectively."|1|Psoriasis
"What role do retinoids play in Psoriasis treatment?"|"Retinoids are used in Psoriasis treatment to reduce inflammation and scale buildup on the skin."|1|Psoriasis
"How can lifestyle and home remedies contribute to Psoriasis management?"|"Lifestyle and home remedies, such as managing stress, avoiding triggers, maintaining a healthy diet, and using moisturizers, can complement medical treatments in managing Psoriasis symptoms."|1|Psoriasis
"What are some common skin symptoms of Psoriasis?"|"Common skin symptoms of Psoriasis include red patches of skin covered with thick, silvery scales, dry and cracked skin that may bleed or itch, and soreness or burning sensations."|1|Psoriasis
"What are the characteristics of the skin patches in Psoriasis?"|"In Psoriasis, skin patches are characterized by their red color and covered with thick, silvery scales."|1|Psoriasis
"What skin changes may occur in Psoriasis?"|"Psoriasis may cause dry, cracked skin that can bleed or itch, along with soreness or burning sensations on the affected areas."|1|Psoriasis
"What are some nail changes associated with Psoriasis?"|"Nail changes associated with Psoriasis include pitting, discoloration, and detachment of the nails."|1|Psoriasis
"What additional symptom might individuals with Psoriasis experience?"|"In some cases of Psoriasis, individuals may also experience joint pain and swelling, a condition known as psoriatic arthritis."|1|Psoriasis
"How would you describe the appearance of skin affected by Psoriasis?"|"Skin affected by Psoriasis often appears as red patches covered with thick, silvery scales. Additionally, it may be dry, cracked, and prone to bleeding or itching, accompanied by soreness or burning sensations."|1|Psoriasis
"What are some common discomforts associated with Psoriasis?"|"Common discomforts associated with Psoriasis include dry and cracked skin that may bleed or itch, as well as soreness or burning sensations on the affected areas."|1|Psoriasis
"What are some physical manifestations of Psoriasis on nails?"|"Physical manifestations of Psoriasis on nails include pitting, discoloration, and detachment of the nails."|1|Psoriasis
"How might joint symptoms manifest in Psoriasis?"|"In some cases of Psoriasis, individuals may experience joint pain and swelling, which are symptoms of psoriatic arthritis."|1|Psoriasis
"What are the characteristic features of Psoriasis-related joint pain?"|"Characteristic features of Psoriasis-related joint pain include swelling and tenderness in the affected joints, often accompanied by stiffness and reduced range of motion."|1|Psoriasis
"What is the prevalence of Psoriasis among males and females?"|"Psoriasis affects 24% of males and females."|1|Psoriasis
"At what age can Psoriasis start, and when are the onset peaks typically observed?"|"Psoriasis can start at any age, including childhood, with onset peaks typically observed at 1525 years and 5161 years."|1|Psoriasis
"Is Psoriasis a condition that resolves over time?"|"No, Psoriasis tends to persist lifelong, fluctuating in extent and severity."|1|Psoriasis
"Which ethnic group is particularly susceptible to Psoriasis?"|"Psoriasis is particularly common in Caucasians but may affect people of any ethnicity."|1|Psoriasis
"What percentage of patients with Psoriasis have family members affected by the condition?"|"About one-third of patients with Psoriasis have family members with Psoriasis."|1|Psoriasis
"How is Psoriasis classified?"|"Psoriasis is classified as an immune-mediated genetic skin disease."|1|Psoriasis
"What is the role of the immune system in Psoriasis?"|"Psoriasis involves a complex interaction between the innate and adaptive immune systems."|1|Psoriasis
"What major histocompatibility complex is associated with early-onset and guttate Psoriasis?"|"The histocompatibility complex HLA-C*16:12 (previously known as HLA-Cw6) is associated with early-onset Psoriasis and guttate Psoriasis."|1|Psoriasis
"What immune factors and inflammatory cytokines are responsible for the clinical features of Psoriasis?"|"Immune factors and inflammatory cytokines such as IL1, TNF, IL-23, and IL-17 are responsible for the clinical features of Psoriasis."|1|Psoriasis
"What has been the impact of biological drugs targeting immune factors in Psoriasis management?"|"Biological drugs targeting immune factors like IL1, TNF, IL-23, and IL-17 have led to success in Psoriasis management."|1|Psoriasis
"What are the typical characteristics of Psoriasis plaques?"|"Psoriasis plaques usually present with symmetrically distributed, red, scaly plaques with well-defined edges. The scale is typically silvery white, except in skin folds where the plaques often appear shiny with a moist peeling surface."|1|Psoriasis
"What are some common sites where Psoriasis plaques occur?"|"The most common sites for Psoriasis plaques are the scalp, elbows, and knees, although any part of the skin can be involved."|1|Psoriasis
"What are the characteristics of itching in Psoriasis?"|"Itch in Psoriasis is mostly mild but may be severe in some patients, leading to scratching and lichenification characterized by thickened leathery skin and increased skin markings."|1|Psoriasis
"What complications may arise due to scratching in Psoriasis?"|"Scratching in Psoriasis may lead to lichenification, characterized by thickened leathery skin and increased skin markings. Painful skin cracks or fissures may also occur, particularly on the palms and soles."|1|Psoriasis
"What is the Koebner phenomenon in Psoriasis?"|"The Koebner phenomenon in Psoriasis involves the generation of new lesions on the skin that has been damaged or irritated, such as by injury or burns."|1|Psoriasis
"What is the significance of postinflammatory hypo- or hyperpigmentation in Psoriasis?"|"When psoriatic plaques clear up, they may leave brown or pale marks (postinflammatory hypo- or hyperpigmentation) that can be expected to fade over several months."|1|Psoriasis
"What does the Auspitz sign indicate in Psoriasis?"|"The Auspitz sign refers to pinpoint bleeding upon removal of the scaly layer in plaque Psoriasis. It is related to the dilated dermal capillaries involved in the histological pathogenesis of chronic Psoriasis."|1|Psoriasis
"What areas of the body are particularly prone to developing painful skin cracks or fissures in Psoriasis?"|"Painful skin cracks or fissures may occur, particularly on the palms and soles in Psoriasis."|1|Psoriasis
"What happens when psoriatic plaques clear up in Psoriasis?"|"When psoriatic plaques clear up, they may leave brown or pale marks (postinflammatory hypo- or hyperpigmentation) that can be expected to fade over several months."|1|Psoriasis
"How is the Auspitz sign related to the histological pathogenesis of chronic Psoriasis?"|"The Auspitz sign in Psoriasis is related to the dilated dermal capillaries involved in the histological pathogenesis of chronic Psoriasis."|1|Psoriasis
"What are some features used to categorize Psoriasis for determining appropriate investigations and treatment pathways?"|"Certain features of Psoriasis can be categorized based on the early age of onset (<35 years vs >51 years), acute (e.g., guttate Psoriasis) vs chronic plaque Psoriasis, localized (e.g., scalp, palmoplantar Psoriasis) vs generalized Psoriasis, small plaques (<3 cm) vs large plaques (>3 cm), thin plaques vs thick plaques, and nail involvement vs no nail involvement."|1|Psoriasis
"How does age of onset categorization help in managing Psoriasis?"|"Categorizing Psoriasis based on the age of onset (<35 years vs >51 years) helps in determining appropriate investigations and treatment pathways."|1|Psoriasis
"What distinguishes acute Psoriasis from chronic plaque Psoriasis?"|"Acute Psoriasis, such as guttate Psoriasis, is distinguished from chronic plaque Psoriasis based on the duration and presentation of the condition."|1|Psoriasis
"What are some examples of localized Psoriasis?"|"Examples of localized Psoriasis include scalp Psoriasis and palmoplantar Psoriasis."|1|Psoriasis
"What distinguishes small plaques from large plaques in Psoriasis?"|"In Psoriasis, small plaques are typically defined as those measuring less than 3 cm, while large plaques are those measuring more than 3 cm."|1|Psoriasis
"What is the significance of nail involvement in Psoriasis categorization?"|"Nail involvement is a significant feature in Psoriasis categorization, distinguishing between cases with nail involvement and those without."|1|Psoriasis
"How does thin plaque Psoriasis differ from thick plaque Psoriasis?"|"Thin plaque Psoriasis is characterized by thin plaques, while thick plaque Psoriasis is characterized by thicker plaques."|1|Psoriasis
"What are the implications of categorizing Psoriasis based on its features?"|"Categorizing Psoriasis based on its features helps determine appropriate investigations and treatment pathways, ensuring tailored management for each patient."|1|Psoriasis
"Why is it important to categorize Psoriasis based on its features?"|"Categorizing Psoriasis based on its features helps healthcare professionals determine the most suitable investigations and treatment approaches for each individual case."|1|Psoriasis
"What is the relevance of distinguishing between acute and chronic forms of Psoriasis?"|"Distinguishing between acute and chronic forms of Psoriasis helps in tailoring treatment approaches to address the specific needs and characteristics of each presentation."|1|Psoriasis
"How do clinical features of Psoriasis vary in different types of skin?"|"Clinical features of Psoriasis vary in different types of skin, with variations observed in plaque thickness, scale prominence, itch intensity, coloration, and postinflammatory pigmentation."|1|Psoriasis
"What is the most common type of Psoriasis in all racial groups?"|"Plaque Psoriasis is the most common type of Psoriasis in all racial groups."|1|Psoriasis
"How does skin involvement differ between Caucasians and Non-Caucasians in Psoriasis?"|"Non-Caucasians tend to have more extensive skin involvement than Caucasians in Psoriasis, with Asian populations reported to have the highest percentage of body surface area involvement."|1|Psoriasis
"What are the characteristics of Psoriasis plaques in skin of color?"|"In skin of color, Psoriasis plaques are typically thicker with a more pronounced silver scale and itch. The pinkness of early patches may be more difficult to appreciate."|1|Psoriasis
"What color may thick plaques appear in Psoriasis for skin of color individuals?"|"Thick plaques may appear violet or dark in color in Psoriasis for individuals with skin of color."|1|Psoriasis
"What are the implications of Psoriasis on postinflammatory pigmentation in skin of color?"|"Plaque Psoriasis is more likely to result in postinflammatory hyperpigmentation or hypopigmentation in the skin of color, which further impacts the quality of life even after disease clearance."|1|Psoriasis
"What types of Psoriasis are more common in non-Caucasian populations?"|"Non-Caucasians are more likely to present with pustular and erythrodermic Psoriasis than Caucasians."|1|Psoriasis
"What type of Psoriasis is reported to be more common in the Indian population?"|"Palmoplantar Psoriasis is reported to be more common in the Indian population."|1|Psoriasis
"What is the prevalence of flexural Psoriasis in skin of color individuals compared to Caucasians?"|"Flexural Psoriasis is said to occur at a lower rate in skin of color compared to Caucasians."|1|Psoriasis
"How do variations in clinical features of Psoriasis impact different racial groups?"|"Variations in clinical features of Psoriasis impact different racial groups by influencing disease presentation, severity, and treatment response."|1|Psoriasis
"What infections can aggravate Psoriasis?"|"Streptococcal tonsillitis ('Strep throat') and other infections can aggravate Psoriasis."|1|Psoriasis
"What types of injuries can worsen Psoriasis?"|"Injuries such as cuts, abrasions, or sunburn can worsen Psoriasis, a phenomenon known as koebnerised Psoriasis."|1|Psoriasis
"How does sun exposure affect Psoriasis in a percentage of patients?"|"Sun exposure aggravates Psoriasis in approximately 11% of Psoriasis patients, although it is more often beneficial."|1|Psoriasis
"What role does dry skin play in exacerbating Psoriasis?"|"Dry skin can exacerbate Psoriasis."|1|Psoriasis
"What lifestyle factors can worsen Psoriasis?"|"Obesity, smoking, or excessive alcohol consumption can worsen Psoriasis."|1|Psoriasis
"What medications can worsen Psoriasis?"|"Medications such as lithium, beta-blockers, antimalarials, nonsteroidal anti-inflammatories, terbinafine, and others can worsen Psoriasis."|1|Psoriasis
"What phenomenon may occur after stopping oral steroids or strong topical corticosteroids in Psoriasis treatment?"|"Stopping oral steroids or strong topical corticosteroids may lead to steroid withdrawal rebound in Psoriasis patients."|1|Psoriasis
"What environmental factors can aggravate Psoriasis?"|"Other environmental factors such as a stressful event can aggravate Psoriasis."|1|Psoriasis
"How can streptococcal tonsillitis exacerbate Psoriasis?"|"Streptococcal tonsillitis exacerbates Psoriasis by triggering the body's immune response, leading to Psoriasis flare-ups."|1|Psoriasis
"What is the term used to describe the worsening of Psoriasis after certain injuries?"|"The term 'koebnerised Psoriasis' is used to describe the worsening of Psoriasis after certain injuries such as cuts, abrasions, or sunburn."|1|Psoriasis
"What autoimmune disease is commonly associated with Psoriasis?"|"Inflammatory 'psoriatic arthritis' is commonly associated with Psoriasis. It is an autoimmune disease."|1|Psoriasis
"What percentage of patients with early-onset chronic plaque Psoriasis may develop spondyloarthropathy?"|"Up to 41% of patients with early-onset chronic plaque Psoriasis may develop spondyloarthropathy."|1|Psoriasis
"What inflammatory bowel diseases are associated with Psoriasis?"|"Inflammatory bowel disease, including Crohn's disease and ulcerative colitis, are associated with Psoriasis."|1|Psoriasis
"What is uveitis, and how is it related to Psoriasis?"|"Uveitis, a form of inflammation of the eye, is associated with Psoriasis."|1|Psoriasis
"What autoimmune condition is linked to Psoriasis?"|"Coeliac disease is linked to Psoriasis."|1|Psoriasis
"What are some skin conditions associated with Psoriasis?"|"Localised palmoplantar pustulosis, generalised pustulosis, and acute generalised exanthematous pustulosis are skin conditions associated with Psoriasis."|1|Psoriasis
"What liver condition is associated with Psoriasis?"|"Non-alcoholic fatty liver disease is associated with Psoriasis."|1|Psoriasis
"What is the prevalence of psoriatic arthritis in patients with Psoriasis?"|"Psoriatic arthritis is seen in up to 40% of patients with early-onset chronic plaque Psoriasis."|1|Psoriasis
"What eye condition is associated with Psoriasis?"|"Uveitis, a form of inflammation of the eye, is associated with Psoriasis."|1|Psoriasis
"What gastrointestinal conditions are associated with Psoriasis?"|"Inflammatory bowel disease, including Crohn's disease and ulcerative colitis, are associated with Psoriasis."|1|Psoriasis
"What is metabolic syndrome?"|"Metabolic syndrome refers to the combination of obesity, hypertension, dyslipidemia, and insulin resistance."|1|Psoriasis
"In which group of Psoriasis patients is metabolic syndrome particularly common?"|"Metabolic syndrome is particularly common in patients with Psoriasis, especially those with severe chronic plaque Psoriasis."|1|Psoriasis
"What factors are linked to the presence of metabolic syndrome in Psoriasis patients?"|"The link between Psoriasis, obesity, and type 2 diabetes mellitus in Psoriasis patients is independent of age, sex, and smoking history."|1|Psoriasis
"What is the suggested cause of the link between Psoriasis, obesity, and type 2 diabetes mellitus?"|"The link between Psoriasis, obesity, and type 2 diabetes mellitus is thought to be due to genetic factors and the presence of chronic inflammation."|1|Psoriasis
"What drives both psoriatic skin inflammation and atherosclerosis?"|"The interleukin (IL)-23/Th 17 axis drives both psoriatic skin inflammation and atherosclerosis."|1|Psoriasis
"What is Psoriasis considered as in relation to cardiovascular disease?"|"Psoriasis is considered an independent risk factor for cardiovascular disease."|1|Psoriasis
"What lifestyle modifications can help reduce mortality from cardiovascular events in Psoriasis patients?"|"Lifestyle modifications such as weight loss, reduction of lipid profile, and tight control of glucose levels can reduce mortality from cardiovascular events in Psoriasis patients."|1|Psoriasis
"What are the components of metabolic syndrome?"|"Metabolic syndrome includes obesity, hypertension, dyslipidemia, and insulin resistance."|1|Psoriasis
"In which Psoriasis patients is metabolic syndrome particularly prevalent?"|"Metabolic syndrome is particularly prevalent in patients with severe chronic plaque Psoriasis."|1|Psoriasis
"What role does chronic inflammation play in the link between Psoriasis and metabolic syndrome?"|"Chronic inflammation is believed to play a role in the link between Psoriasis and metabolic syndrome."|1|Psoriasis
"What are some general recommendations for patients with psoriasis regarding lifestyle?"|"General recommendations for patients with psoriasis include smoking cessation, adhering to safe limits for alcohol consumption, and maintaining optimal weight."|1|Psoriasis
"What is the primary treatment approach for mild psoriasis?"|"Mild psoriasis is generally treated with topical agents alone."|1|Psoriasis
"What factors influence the selection of topical treatments for psoriasis?"|"The selection of topical treatments for psoriasis depends on the body site, extent, and severity of psoriasis."|1|Psoriasis
"What are some examples of topical therapies for psoriasis?"|"Examples of topical therapies for psoriasis include emollients and moisturizers, coal tar preparations, dithranol, salicylic acid, vitamin D analogues (e.g., calcipotriol), topical corticosteroids, combination calcipotriol/betamethasone dipropionate ointment/gel or foam, and calcineurin inhibitors (tacrolimus, pimecrolimus)."|1|Psoriasis
"What is the role of emollients and moisturizers in treating psoriasis?"|"Emollients and moisturizers are used to hydrate the skin and reduce dryness associated with psoriasis."|1|Psoriasis
"What is a common topical therapy for psoriasis derived from coal tar?"|"Coal tar preparations are commonly used as topical therapy for psoriasis."|1|Psoriasis
"What is the function of salicylic acid in treating psoriasis?"|"Salicylic acid is used to promote the shedding of dead skin cells in psoriasis."|1|Psoriasis
"What is the mechanism of action of calcipotriol in psoriasis treatment?"|"Calcipotriol, a vitamin D analogue, regulates skin cell growth and differentiation, thus reducing inflammation in psoriasis."|1|Psoriasis
"What is the purpose of combination calcipotriol/betamethasone dipropionate ointment/gel or foam?"|"Combination calcipotriol/betamethasone dipropionate ointment/gel or foam is used to provide both anti-inflammatory and skin-normalizing effects in psoriasis."|1|Psoriasis
"What is the role of calcineurin inhibitors in treating psoriasis?"|"Calcineurin inhibitors such as tacrolimus and pimecrolimus are used to suppress the immune response and reduce inflammation in psoriasis."|1|Psoriasis
"What immune factors and inflammatory cytokines are responsible for the clinical features of Psoriasis?"|"Immune factors and inflammatory cytokines such as IL1, TNF, IL-23, and IL-17 are responsible for the clinical features of Psoriasis."|1|Psoriasis
"What has been the impact of biological drugs targeting immune factors in Psoriasis management?"|"Biological drugs targeting immune factors like IL1, TNF, IL-23, and IL-17 have led to success in Psoriasis management."|1|Psoriasis
"What are the typical characteristics of Psoriasis plaques?"|"Psoriasis plaques usually present with symmetrically distributed, red, scaly plaques with well-defined edges. The scale is typically silvery white, except in skin folds where the plaques often appear shiny with a moist peeling surface."|1|Psoriasis
"What are some common sites where Psoriasis plaques occur?"|"The most common sites for Psoriasis plaques are the scalp, elbows, and knees, although any part of the skin can be involved."|1|Psoriasis
"What are the characteristics of itching in Psoriasis?"|"Itch in Psoriasis is mostly mild but may be severe in some patients, leading to scratching and lichenification characterized by thickened leathery skin and increased skin markings."|1|Psoriasis
"What complications may arise due to scratching in Psoriasis?"|"Scratching in Psoriasis may lead to lichenification, characterized by thickened leathery skin and increased skin markings. Painful skin cracks or fissures may also occur, particularly on the palms and soles."|1|Psoriasis
"What is the Koebner phenomenon in Psoriasis?"|"The Koebner phenomenon in Psoriasis involves the generation of new lesions on the skin that has been damaged or irritated, such as by injury or burns."|1|Psoriasis
"What is the significance of postinflammatory hypo- or hyperpigmentation in Psoriasis?"|"When psoriatic plaques clear up, they may leave brown or pale marks (postinflammatory hypo- or hyperpigmentation) that can be expected to fade over several months."|1|Psoriasis
"What does the Auspitz sign indicate in Psoriasis?"|"The Auspitz sign refers to pinpoint bleeding upon removal of the scaly layer in plaque Psoriasis. It is related to the dilated dermal capillaries involved in the histological pathogenesis of chronic Psoriasis."|1|Psoriasis
"What areas of the body are particularly prone to developing painful skin cracks or fissures in Psoriasis?"|"Painful skin cracks or fissures may occur, particularly on the palms and soles in Psoriasis."|1|Psoriasis
"What happens when psoriatic plaques clear up in Psoriasis?"|"When psoriatic plaques clear up, they may leave brown or pale marks (postinflammatory hypo- or hyperpigmentation) that can be expected to fade over several months."|1|Psoriasis
"How is the Auspitz sign related to the histological pathogenesis of chronic Psoriasis?"|"The Auspitz sign in Psoriasis is related to the dilated dermal capillaries involved in the histological pathogenesis of chronic Psoriasis."|1|Psoriasis
"What are some features used to categorize Psoriasis for determining appropriate investigations and treatment pathways?"|"Certain features of Psoriasis can be categorized based on the early age of onset (<35 years vs >51 years), acute (e.g., guttate Psoriasis) vs chronic plaque Psoriasis, localized (e.g., scalp, palmoplantar Psoriasis) vs generalized Psoriasis, small plaques (<3 cm) vs large plaques (>3 cm), thin plaques vs thick plaques, and nail involvement vs no nail involvement."|1|Psoriasis
"How does age of onset categorization help in managing Psoriasis?"|"Categorizing Psoriasis based on the age of onset (<35 years vs >51 years) helps in determining appropriate investigations and treatment pathways."|1|Psoriasis
"What distinguishes acute Psoriasis from chronic plaque Psoriasis?"|"Acute Psoriasis, such as guttate Psoriasis, is distinguished from chronic plaque Psoriasis based on the duration and presentation of the condition."|1|Psoriasis
"What are some examples of localized Psoriasis?"|"Examples of localized Psoriasis include scalp Psoriasis and palmoplantar Psoriasis."|1|Psoriasis
"What distinguishes small plaques from large plaques in Psoriasis?"|"In Psoriasis, small plaques are typically defined as those measuring less than 3 cm, while large plaques are those measuring more than 3 cm."|1|Psoriasis
"What is the significance of nail involvement in Psoriasis categorization?"|"Nail involvement is a significant feature in Psoriasis categorization, distinguishing between cases with nail involvement and those without."|1|Psoriasis
"How does thin plaque Psoriasis differ from thick plaque Psoriasis?"|"Thin plaque Psoriasis is characterized by thin plaques, while thick plaque Psoriasis is characterized by thicker plaques."|1|Psoriasis
"What are the implications of categorizing Psoriasis based on its features?"|"Categorizing Psoriasis based on its features helps determine appropriate investigations and treatment pathways, ensuring tailored management for each patient."|1|Psoriasis
"Why is it important to categorize Psoriasis based on its features?"|"Categorizing Psoriasis based on its features helps healthcare professionals determine the most suitable investigations and treatment approaches for each individual case."|1|Psoriasis
"What is the relevance of distinguishing between acute and chronic forms of Psoriasis?"|"Distinguishing between acute and chronic forms of Psoriasis helps in tailoring treatment approaches to address the specific needs and characteristics of each presentation."|1|Psoriasis
"How do clinical features of Psoriasis vary in different types of skin?"|"Clinical features of Psoriasis vary in different types of skin, with variations observed in plaque thickness, scale prominence, itch intensity, coloration, and postinflammatory pigmentation."|1|Psoriasis
"What is the most common type of Psoriasis in all racial groups?"|"Plaque Psoriasis is the most common type of Psoriasis in all racial groups."|1|Psoriasis
"How does skin involvement differ between Caucasians and Non-Caucasians in Psoriasis?"|"Non-Caucasians tend to have more extensive skin involvement than Caucasians in Psoriasis, with Asian populations reported to have the highest percentage of body surface area involvement."|1|Psoriasis
"What are the characteristics of Psoriasis plaques in skin of color?"|"In skin of color, Psoriasis plaques are typically thicker with a more pronounced silver scale and itch. The pinkness of early patches may be more difficult to appreciate."|1|Psoriasis
"What color may thick plaques appear in Psoriasis for skin of color individuals?"|"Thick plaques may appear violet or dark in color in Psoriasis for individuals with skin of color."|1|Psoriasis
"What are the implications of Psoriasis on postinflammatory pigmentation in skin of color?"|"Plaque Psoriasis is more likely to result in postinflammatory hyperpigmentation or hypopigmentation in the skin of color, which further impacts the quality of life even after disease clearance."|1|Psoriasis
"What types of Psoriasis are more common in non-Caucasian populations?"|"Non-Caucasians are more likely to present with pustular and erythrodermic Psoriasis than Caucasians."|1|Psoriasis
"What type of Psoriasis is reported to be more common in the Indian population?"|"Palmoplantar Psoriasis is reported to be more common in the Indian population."|1|Psoriasis
"What is the prevalence of flexural Psoriasis in skin of color individuals compared to Caucasians?"|"Flexural Psoriasis is said to occur at a lower rate in skin of color compared to Caucasians."|1|Psoriasis
"How do variations in clinical features of Psoriasis impact different racial groups?"|"Variations in clinical features of Psoriasis impact different racial groups by influencing disease presentation, severity, and treatment response."|1|Psoriasis
"What infections can aggravate Psoriasis?"|"Streptococcal tonsillitis ('Strep throat') and other infections can aggravate Psoriasis."|1|Psoriasis
"What types of injuries can worsen Psoriasis?"|"Injuries such as cuts, abrasions, or sunburn can worsen Psoriasis, a phenomenon known as koebnerised Psoriasis."|1|Psoriasis
"How does sun exposure affect Psoriasis in a percentage of patients?"|"Sun exposure aggravates Psoriasis in approximately 11% of Psoriasis patients, although it is more often beneficial."|1|Psoriasis
"What role does dry skin play in exacerbating Psoriasis?"|"Dry skin can exacerbate Psoriasis."|1|Psoriasis
"What lifestyle factors can worsen Psoriasis?"|"Obesity, smoking, or excessive alcohol consumption can worsen Psoriasis."|1|Psoriasis
"What medications can worsen Psoriasis?"|"Medications such as lithium, beta-blockers, antimalarials, nonsteroidal anti-inflammatories, terbinafine, and others can worsen Psoriasis."|1|Psoriasis
"What phenomenon may occur after stopping oral steroids or strong topical corticosteroids in Psoriasis treatment?"|"Stopping oral steroids or strong topical corticosteroids may lead to steroid withdrawal rebound in Psoriasis patients."|1|Psoriasis
"What environmental factors can aggravate Psoriasis?"|"Other environmental factors such as a stressful event can aggravate Psoriasis."|1|Psoriasis
"How can streptococcal tonsillitis exacerbate Psoriasis?"|"Streptococcal tonsillitis exacerbates Psoriasis by triggering the body's immune response, leading to Psoriasis flare-ups."|1|Psoriasis
"What is the term used to describe the worsening of Psoriasis after certain injuries?"|"The term 'koebnerised Psoriasis' is used to describe the worsening of Psoriasis after certain injuries such as cuts, abrasions, or sunburn."|1|Psoriasis
"What autoimmune disease is commonly associated with Psoriasis?"|"Inflammatory 'psoriatic arthritis' is commonly associated with Psoriasis. It is an autoimmune disease."|1|Psoriasis
"What percentage of patients with early-onset chronic plaque Psoriasis may develop spondyloarthropathy?"|"Up to 41% of patients with early-onset chronic plaque Psoriasis may develop spondyloarthropathy."|1|Psoriasis
"What inflammatory bowel diseases are associated with Psoriasis?"|"Inflammatory bowel disease, including Crohn's disease and ulcerative colitis, are associated with Psoriasis."|1|Psoriasis
"What is uveitis, and how is it related to Psoriasis?"|"Uveitis, a form of inflammation of the eye, is associated with Psoriasis."|1|Psoriasis
"What autoimmune condition is linked to Psoriasis?"|"Coeliac disease is linked to Psoriasis."|1|Psoriasis
"What are some skin conditions associated with Psoriasis?"|"Localised palmoplantar pustulosis, generalised pustulosis, and acute generalised exanthematous pustulosis are skin conditions associated with Psoriasis."|1|Psoriasis
"What liver condition is associated with Psoriasis?"|"Non-alcoholic fatty liver disease is associated with Psoriasis."|1|Psoriasis
"What is the prevalence of psoriatic arthritis in patients with Psoriasis?"|"Psoriatic arthritis is seen in up to 41% of patients with early-onset chronic plaque Psoriasis."|1|Psoriasis
"What eye condition is associated with Psoriasis?"|"Uveitis, a form of inflammation of the eye, is associated with Psoriasis."|1|Psoriasis
"What gastrointestinal conditions are associated with Psoriasis?"|"Inflammatory bowel disease, including Crohn's disease and ulcerative colitis, are associated with Psoriasis."|1|Psoriasis
"What is metabolic syndrome?"|"Metabolic syndrome refers to the combination of obesity, hypertension, dyslipidemia, and insulin resistance."|1|Psoriasis
"In which group of Psoriasis patients is metabolic syndrome particularly common?"|"Metabolic syndrome is particularly common in patients with Psoriasis, especially those with severe chronic plaque Psoriasis."|1|Psoriasis
"What factors are linked to the presence of metabolic syndrome in Psoriasis patients?"|"The link between Psoriasis, obesity, and type 2 diabetes mellitus in Psoriasis patients is independent of age, sex, and smoking history."|1|Psoriasis
"What is the suggested cause of the link between Psoriasis, obesity, and type 2 diabetes mellitus?"|"The link between Psoriasis, obesity, and type 2 diabetes mellitus is thought to be due to genetic factors and the presence of chronic inflammation."|1|Psoriasis
"What drives both psoriatic skin inflammation and atherosclerosis?"|"The interleukin (IL)-23/Th 17 axis drives both psoriatic skin inflammation and atherosclerosis."|1|Psoriasis
"What is Psoriasis considered as in relation to cardiovascular disease?"|"Psoriasis is considered an independent risk factor for cardiovascular disease."|1|Psoriasis
"What lifestyle modifications can help reduce mortality from cardiovascular events in Psoriasis patients?"|"Lifestyle modifications such as weight loss, reduction of lipid profile, and tight control of glucose levels can reduce mortality from cardiovascular events in Psoriasis patients."|1|Psoriasis
"What are the components of metabolic syndrome?"|"Metabolic syndrome includes obesity, hypertension, dyslipidemia, and insulin resistance."|1|Psoriasis
"In which Psoriasis patients is metabolic syndrome particularly prevalent?"|"Metabolic syndrome is particularly prevalent in patients with severe chronic plaque Psoriasis."|1|Psoriasis
"What role does chronic inflammation play in the link between Psoriasis and metabolic syndrome?"|"Chronic inflammation is believed to play a role in the link between Psoriasis and metabolic syndrome."|1|Psoriasis
"What are some general recommendations for patients with psoriasis regarding lifestyle?"|"General recommendations for patients with psoriasis include smoking cessation, adhering to safe limits for alcohol consumption, and maintaining optimal weight."|1|Psoriasis
"What is the primary treatment approach for mild psoriasis?"|"Mild psoriasis is generally treated with topical agents alone."|1|Psoriasis
"What factors influence the selection of topical treatments for psoriasis?"|"The selection of topical treatments for psoriasis depends on the body site, extent, and severity of psoriasis."|1|Psoriasis
"What are some examples of topical therapies for psoriasis?"|"Examples of topical therapies for psoriasis include emollients and moisturizers, coal tar preparations, dithranol, salicylic acid, vitamin D analogues (e.g., calcipotriol), topical corticosteroids, combination calcipotriol/betamethasone dipropionate ointment/gel or foam, and calcineurin inhibitors (tacrolimus, pimecrolimus)."|1|Psoriasis
"What is the role of emollients and moisturizers in treating psoriasis?"|"Emollients and moisturizers are used to hydrate the skin and reduce dryness associated with psoriasis."|1|Psoriasis
"What is a common topical therapy for psoriasis derived from coal tar?"|"Coal tar preparations are commonly used as topical therapy for psoriasis."|1|Psoriasis
"What is the function of salicylic acid in treating psoriasis?"|"Salicylic acid is used to promote the shedding of dead skin cells in psoriasis."|1|Psoriasis
"What is the mechanism of action of calcipotriol in psoriasis treatment?"|"Calcipotriol, a vitamin D analogue, regulates skin cell growth and differentiation, thus reducing inflammation in psoriasis."|1|Psoriasis
"What is the purpose of combination calcipotriol/betamethasone dipropionate ointment/gel or foam?"|"Combination calcipotriol/betamethasone dipropionate ointment/gel or foam is used to provide both anti-inflammatory and skin-normalizing effects in psoriasis."|1|Psoriasis
"What is the role of calcineurin inhibitors in treating psoriasis?"|"Calcineurin inhibitors such as tacrolimus and pimecrolimus are used to suppress the immune response and reduce inflammation in psoriasis."|1|Psoriasis